{
  "databaseChangeLog": [
    {
      "preConditions": [
        {
          "runningAs": {
            "username": "writer"
          }
        }
      ]
    },
    {
      "changeSet": {
      "id": "create_new_tables",
      "author": "Deivis Treier",
      "changes": [
        {
          "sqlFile": {
            "dbms": "h2",
            "encoding": "utf8",
            "endDelimiter": "\\nGO",
            "path": "create_tables_base.sql",
            "relativeToChangelogFile": true,
            "splitStatements": true,
            "stripComments": true
          }
        }]
    }
    }
  ]
}
